reef,Season,count,mean_PARmolday,sd_PARmolday,min_PARmolday,max_PARmolday,range_PARmolday
Emerald,Dry,140,4.005560983393589,1.7729613912877153,0.0598836380842553,9.514700324688972,9.454816686604717
Emerald,Wet,202,4.750782370854679,1.9172513649527192,0.004194241148049015,9.343157414549525,9.338963173401476
MacNorth,Dry,140,6.568578920972831,3.162271504511371,1.1119642800667677,13.063691502101753,11.951727222034984
MacNorth,Wet,72,4.862365443185708,3.1322663881542,0.006192400678237203,11.764775188837524,11.758582788159286
