Temperature.max,Temperature.min,Temp.seasonal,temp.daily.range.mean,d.above.30.5,maxDHW,PAR_daytime.max,PAR_daytime.min,par.seasonal,par.daily.range.mean,Salinity.max,Salinity.min,salinity.seasonal,salinity.daily.range.mean,pH.max,pH.min,pH.seasonal,pH.daily.range.mean,ws.max,ws.min,tilt.seasonal,tilt.daily.range.mean
32.0304,22.6163,9.414100000000001,0.7244200573065903,76,21.918762499999985,1037.9799635831937,0.03371502716753345,1037.9462485560261,495.8527280213102,36.5228,34.233,2.2897999999999996,0.25395909090909125,8.1563,7.2056,0.9507000000000003,0.08809164882226979,18.36,0.02,18.34,10.529085714285713
33.5489,17.8869,15.662000000000003,1.432904,99,39.22679166666664,1691.3496233955561,0.03793948266312462,1691.311683912893,763.7074185119527,36.2074,29.8778,6.329599999999999,1.7097674897119337,8.2615,7.3027,0.9588000000000001,0.18280449678800859,51.84,0.01,51.830000000000005,23.693972602739727
