reef,Temperature.max,Temperature.min,Temp.seasonal,temp.daily.range.mean,d.above.30.5,maxDHW
Emerald,32.0304,22.6163,9.414100000000001,0.7244200573065903,76,10.446873561507928
MacNorth,33.5489,17.8869,15.662000000000003,1.432904,99,21.21337306547618
